file,price,beds,baths,sqft,yearbuilt,zip,zestimate
boston_forsale_02124.csv,104999,2,1,696,1910,2124,108470
boston_forsale_02126.csv,109000,2,1,896,1905,2126,114364
boston_forsale_02121.csv,119900,2,1,1180,1875,2121,272475
boston_forsale_02125.csv,122000,2,1,976,1905,2125,128099
boston_forsale_02128.csv,126804,1,1,575,1920,2128,126804
boston_forsale_02125.csv,128925,2,1,792,1920,2125,128925
boston_forsale_02122.csv,129000,1,1,620,1965,2122,134606
boston_forsale_02122.csv,129900,1,1,603,1960,2122,136377
boston_forsale_02126.csv,129900,3,1,984,1945,2126,0
boston_forsale_02125.csv,139000,1,1,509,1900,2125,163416
boston_forsale_02119.csv,139895,3,1.5,1085,1989,2119,139895
boston_forsale_02128.csv,139999,1,1,650,1880,2128,0
boston_forsale_02124.csv,141393,3,1,1144,1900,2124,141393
boston_forsale_02119.csv,142045,2,1.5,1235,1988,2119,142045
boston_forsale_02125.csv,149500,4,2,2532,1910,2125,334552
boston_forsale_02122.csv,149900,2,1.5,1038,1905,2122,177241
boston_forsale_02122.csv,149900,2,1.5,1038,1905,2122,177883
boston_forsale_02125.csv,149900,2,1,991,1900,2125,159035
boston_forsale_02119.csv,156249,2,1,1207,1989,2119,156249
boston_forsale_02125.csv,159452,2,1,976,1905,2125,159452
boston_forsale_02125.csv,169000,2,1,694,1900,2125,169983
boston_forsale_02128.csv,169000,1,1,415,1920,2128,166316
boston_forsale_02122.csv,169800,2,1,715,1960,2122,172533
boston_forsale_02125.csv,169936,4,2,2015,1900,2125,169936
boston_forsale_02122.csv,175000,2,1,1106,1876,2122,212488
boston_forsale_02119.csv,179000,4,2,1946,1900,2119,0
boston_forsale_02122.csv,179694,2,1.5,1038,1905,2122,179694
boston_forsale_02122.csv,179900,2,1,1425,1901,2122,171457
boston_forsale_02122.csv,180000,2,1,955,1905,2122,152751
boston_forsale_02119.csv,180514,3,2.5,1272,1900,2119,180514
boston_forsale_02121.csv,182472,4,2,2449,1910,2121,182472
boston_forsale_02119.csv,185000,4,1,1281,1905,2119,192048
boston_forsale_02122.csv,185000,2,2,1248,1940,2122,0
boston_forsale_02121.csv,186361,6,1.5,2077,1910,2121,186361
boston_forsale_02128.csv,192900,1,1,741,1900,2128,188165
boston_forsale_02128.csv,192900,1,1,741,1900,2128,180871
boston_forsale_02118.csv,194890,2,1,1127,2000,2118,0
boston_forsale_02113.csv,195000,1,1,339,1920,2113,218196
boston_forsale_02124.csv,195000,3,1.5,1337,1910,2124,204093
boston_forsale_02128.csv,195000,1,1,530,1912,2128,170330
boston_forsale_02108.csv,199900,4,2.5,2500,2012,2108,799766
boston_forsale_02122.csv,199900,2,1,810,1920,2122,152919
boston_forsale_02122.csv,205000,1,1,780,1874,2122,201469
boston_forsale_02119.csv,206599,4,1.5,2160,1900,2119,206599
boston_forsale_02119.csv,210399,4,2,3575,1890,2119,210399
boston_forsale_02122.csv,212000,2,1.5,1265,1987,2122,214234
boston_forsale_02113.csv,215000,1,0,339,1920,2113,0
boston_forsale_02128.csv,215000,2,1,1012,1920,2128,174726
boston_forsale_02125.csv,217345,5,2,2409,1900,2125,217345
boston_forsale_02119.csv,217845,5,3,2310,1900,2119,217845
boston_forsale_02119.csv,219000,2,1,99999,1900,2119,202873
boston_forsale_02122.csv,219000,2,1,779,1965,2122,181696
boston_forsale_02121.csv,220000,6,3,3033,1920,2121,0
boston_forsale_02126.csv,224000,3,1.5,1576,1940,2126,235642
boston_forsale_02124.csv,224463,6,2,2409,1885,2124,224463
boston_forsale_02119.csv,225000,3,2,1800,1899,2119,224644
boston_forsale_02119.csv,225000,6,2,3047,1920,2119,328852
boston_forsale_02121.csv,225000,3,2,1381,1993,2121,210409
boston_forsale_02125.csv,225000,2,1,1150,1900,2125,298667
boston_forsale_02119.csv,226926,4,2.5,2683,1895,2119,226926
boston_forsale_02127.csv,229000,1,1,400,1925,2127,216166
boston_forsale_02127.csv,229000,1,1,400,1925,2127,217390
boston_forsale_02128.csv,229900,3,1,1017,1930,2128,238316
boston_forsale_02128.csv,230000,2,1,833,1900,2128,167406
boston_forsale_02119.csv,235000,2,1,953,1900,2119,213765
boston_forsale_02121.csv,235000,3,1,1014,1900,2121,0
boston_forsale_02125.csv,235000,2,1,706,1900,2125,217821
boston_forsale_02126.csv,236622,5,3,2179,1920,2126,236622
boston_forsale_02119.csv,239000,3,1,1530,1905,2119,238543
boston_forsale_02124.csv,239000,3,1.5,2009,1893,2124,240854
boston_forsale_02125.csv,239000,2,1,768,2006,2125,0
boston_forsale_02128.csv,239000,1,1,898,1847,2128,234416
boston_forsale_02119.csv,239900,4,2,1953,1900,2119,0
boston_forsale_02128.csv,239900,3,2,1398,1910,2128,0
boston_forsale_02113.csv,240000,1,1,356,1920,2113,245728
boston_forsale_02119.csv,240000,1,1,700,1890,2119,244849
boston_forsale_02121.csv,240000,5,2,2202,1899,2121,260254
boston_forsale_02128.csv,242000,2,1,1017,2004,2128,228176
boston_forsale_02126.csv,242349,5,3,2630,1910,2126,242349
boston_forsale_02124.csv,242614,4,2,2714,1920,2124,242614
boston_forsale_02121.csv,243000,3,3,1966,2001,2121,255149
boston_forsale_02128.csv,244900,3,2,1600,1875,2128,261738
boston_forsale_02126.csv,245000,5,3,2520,2001,2126,247749
boston_forsale_02121.csv,246193,6,2,3441,1903,2121,246193
boston_forsale_02126.csv,248199,6,2,2652,1935,2126,248199
boston_forsale_02119.csv,249000,2,1,1150,1860,2119,229424
boston_forsale_02125.csv,249000,2,1,915,1910,2125,221855
boston_forsale_02126.csv,249000,3,2,1120,1950,2126,215623
boston_forsale_02127.csv,249000,1,1,550,1900,2127,230629
boston_forsale_02125.csv,249900,2,2,815,1905,2125,247157
boston_forsale_02126.csv,249900,6,2,3008,1920,2126,255804
boston_forsale_02128.csv,249900,6,3,1586,1900,2128,0
boston_forsale_02122.csv,250000,2,1,881,1905,2122,236646
boston_forsale_02122.csv,250000,2,1,946,1905,2122,183124
boston_forsale_02122.csv,250000,2,1,1212,1900,2122,225763
boston_forsale_02124.csv,250000,6,3,2889,1925,2124,0
boston_forsale_02124.csv,250000,4,3,1398,1935,2124,285850
boston_forsale_02126.csv,250000,4,1.5,1561,1903,2126,0
boston_forsale_02128.csv,250000,5,2,2036,1900,2128,230848
boston_forsale_02128.csv,250000,2,1,638,1880,2128,242352
boston_forsale_02125.csv,255000,2,1,909,1905,2125,245505
boston_forsale_02127.csv,255000,1,1,572,1890,2127,274531
boston_forsale_02125.csv,255443,4,3,2619,1905,2125,255443
boston_forsale_02125.csv,255900,3,2,1040,0,2125,272914
boston_forsale_02124.csv,259000,2,1,910,2008,2124,241399
boston_forsale_02128.csv,259000,2,1,858,1900,2128,190131
boston_forsale_02128.csv,259000,1,1,892,1847,2128,253317
boston_forsale_02113.csv,259481,2,1,543,1920,2113,259481
boston_forsale_02122.csv,260000,9,3,3966,1905,2122,363345
boston_forsale_02125.csv,260000,3,2.5,1710,1914,2125,254760
boston_forsale_02126.csv,260000,4,2.5,1400,1961,2126,211601
boston_forsale_02127.csv,262000,1,1,667,1890,2127,269394
boston_forsale_02118.csv,263000,2,1,1082,1900,2118,296871
boston_forsale_02119.csv,263259,4,1.5,4298,1900,2119,263259
boston_forsale_02128.csv,265000,2,1,835,1910,2128,242872
boston_forsale_02121.csv,265389,6,3,3494,1910,2121,265389
boston_forsale_02124.csv,267787,3,1.5,1800,1984,2124,267787
boston_forsale_02122.csv,269000,2,1,1110,1905,2122,245999
boston_forsale_02124.csv,269000,2,1,930,2006,2124,268451
boston_forsale_02124.csv,269000,2,1,955,2008,2124,271731
boston_forsale_02125.csv,269000,2,1,1230,1900,2125,264451
boston_forsale_02119.csv,274900,3,1.5,2103,2004,2119,285329
boston_forsale_02126.csv,274999,5,3,2133,1900,2126,289220
boston_forsale_02122.csv,275000,2,1,912,1905,2122,212990
boston_forsale_02122.csv,275000,4,4,1932,1900,2122,0
boston_forsale_02127.csv,275000,1,1,555,1920,2127,251735
boston_forsale_02128.csv,275000,2,2,816,1910,2128,226701
boston_forsale_02215.csv,275000,1,1,429,1930,2215,248537
boston_forsale_02126.csv,277241,9,3,3090,1905,2126,277241
boston_forsale_02125.csv,279000,2,1,889,2012,2125,272106
boston_forsale_02127.csv,279000,1,1,475,1925,2127,270640
boston_forsale_02127.csv,279000,1,1,486,1905,2127,253094
boston_forsale_02127.csv,279000,1,1,515,1905,2127,248224
boston_forsale_02128.csv,279000,2,2,988,1900,2128,256307
boston_forsale_02215.csv,279500,1,1,399,1918,2215,242604
boston_forsale_02122.csv,279900,2,1,978,1905,2122,219484
boston_forsale_02125.csv,279900,2,1,1000,1905,2125,261013
boston_forsale_02126.csv,285000,4,2.5,1734,1900,2126,0
boston_forsale_02127.csv,285000,1,1,525,0,2127,321971
boston_forsale_02122.csv,286077,5,2,1667,1900,2122,286077
boston_forsale_02122.csv,289000,2,2,1084,1905,2122,261903
boston_forsale_02127.csv,289000,1,1,710,1910,2127,276975
boston_forsale_02125.csv,289900,3,1,1152,1905,2125,245174
boston_forsale_02124.csv,290000,1,1,802,1900,2124,208321
boston_forsale_02124.csv,290508,6,3,3960,1890,2124,290508
boston_forsale_02108.csv,291062,1,1,560,1899,2108,291062
boston_forsale_02124.csv,292347,9,3,3949,1910,2124,292347
boston_forsale_02121.csv,293352,12,3,3906,1920,2121,293352
boston_forsale_02125.csv,295000,2,2,964,1905,2125,268775
boston_forsale_02125.csv,295000,2,1,1000,1880,2125,263380
boston_forsale_02114.csv,299000,1,1,360,1899,2114,237233
boston_forsale_02118.csv,299000,1,1,420,1920,2118,293610
boston_forsale_02119.csv,299000,3,3.5,1856,1885,2119,0
boston_forsale_02119.csv,299000,3,2.5,1300,2005,2119,286049
boston_forsale_02127.csv,299000,1,1,515,1900,2127,247349
boston_forsale_02127.csv,299000,1,1,700,1880,2127,277755
boston_forsale_02127.csv,299000,1,1,700,1880,2127,303278
boston_forsale_02128.csv,299000,5,2,1997,1900,2128,268629
boston_forsale_02128.csv,299000,3,1.5,1595,1900,2128,279792
boston_forsale_02128.csv,299000,8,4,2554,2004,2128,0
boston_forsale_02215.csv,299000,1,1,800,1970,2215,0
boston_forsale_02118.csv,299400,1,1,397,1899,2118,237150
boston_forsale_02119.csv,299900,6,2,3047,1920,2119,329971
boston_forsale_02122.csv,299900,2,2,1492,2004,2122,0
boston_forsale_02124.csv,299900,6,3,1911,1920,2124,295904
boston_forsale_02125.csv,299900,2,1,1225,1900,2125,0
boston_forsale_02125.csv,299900,2,1,1225,1900,2125,0
boston_forsale_02128.csv,299900,3,1.5,1368,1900,2128,248671
boston_forsale_02128.csv,299900,4,2,1837,1905,2128,347752
boston_forsale_02128.csv,299944,2,1,895,1927,2128,0
boston_forsale_02125.csv,300000,2,1,1000,1910,2125,246765
boston_forsale_02127.csv,300000,2,1,658,1930,2127,273913
boston_forsale_02215.csv,300500,1,1,484,1925,2215,263223
boston_forsale_02119.csv,305000,2,1.5,1264,1915,2119,249444
boston_forsale_02115.csv,309000,1,1,425,0,2115,347576
boston_forsale_02118.csv,309000,1,1,409,1910,2118,235493
boston_forsale_02125.csv,309000,2,1,932,1905,2125,237258
boston_forsale_02127.csv,309000,1,1,640,1890,2127,0
boston_forsale_02127.csv,309000,1,1,632,1905,2127,0
boston_forsale_02127.csv,309000,2,1.5,830,1890,2127,327550
boston_forsale_02124.csv,309900,6,2,2224,1890,2124,300714
boston_forsale_02127.csv,309900,1,1,500,1910,2127,227297
boston_forsale_02128.csv,309900,2,2,1386,0,2128,294390
boston_forsale_02128.csv,309900,2,2,1378,0,2128,294119
boston_forsale_02128.csv,309900,2,2,1373,0,2128,294084
boston_forsale_02128.csv,309900,2,2,1378,0,2128,0
boston_forsale_02128.csv,309900,2,2,1373,0,2128,0
boston_forsale_02128.csv,309900,2,2,1386,0,2128,0
boston_forsale_02115.csv,309999,1,1,425,1899,2115,266500
boston_forsale_02124.csv,310360,6,3,3306,1910,2124,310360
boston_forsale_02122.csv,310666,6,2.5,3192,1900,2122,310666
boston_forsale_02125.csv,314900,2,2,1906,1860,2125,337207
boston_forsale_02126.csv,315000,3,2,1257,1905,2126,0
boston_forsale_02127.csv,315000,2,1,680,1890,2127,0
boston_forsale_02127.csv,315000,2,1,679,1905,2127,224507
boston_forsale_02127.csv,315000,2,1,548,1905,2127,244453
boston_forsale_02127.csv,316000,3,1,929,1900,2127,328640
boston_forsale_02125.csv,319000,2,1.5,946,2004,2125,311391
boston_forsale_02125.csv,319000,6,2,2928,0,2125,330650
boston_forsale_02127.csv,319000,1,1,907,1984,2127,321776
boston_forsale_02125.csv,319576,9,4.5,3528,1915,2125,319576
boston_forsale_02119.csv,320000,2,1,545,1920,2119,178321
boston_forsale_02121.csv,320000,7,3,4674,1925,2121,345602
boston_forsale_02125.csv,320000,6,1.75,4008,1910,2125,322590
boston_forsale_02119.csv,323417,3,3,3416,1900,2119,323417
boston_forsale_02119.csv,325000,2,1.5,1361,1900,2119,230342
boston_forsale_02122.csv,325000,2,2,1230,1885,2122,264064
boston_forsale_02215.csv,325000,1,1,470,0,2215,0
boston_forsale_02113.csv,329000,1,1,400,1890,2113,274613
boston_forsale_02118.csv,329000,1,1,402,1900,2118,0
boston_forsale_02122.csv,329000,3,2,1657,2005,2122,261056
boston_forsale_02127.csv,329000,1,1,532,1890,2127,293995
boston_forsale_02127.csv,329000,1,1,615,2005,2127,275337
boston_forsale_02127.csv,329000,1,1,444,1890,2127,410578
boston_forsale_02127.csv,329000,1,1,680,1910,2127,307785
boston_forsale_02127.csv,329000,1,1,700,1900,2127,313107
boston_forsale_02128.csv,329000,3,3,1500,1850,2128,0
boston_forsale_02128.csv,329000,3,3,1500,1885,2128,0
boston_forsale_02128.csv,329000,4,2,1827,1900,2128,286991
boston_forsale_02215.csv,329000,1,1,540,1910,2215,279356
boston_forsale_02122.csv,329900,3,2,1440,1900,2122,295287
boston_forsale_02125.csv,329900,2,2,1025,1905,2125,274592
boston_forsale_02128.csv,329900,4,2,2336,1900,2128,0
boston_forsale_02128.csv,329944,2,1,1437,1927,2128,293741
boston_forsale_02125.csv,330000,6,3,4422,1905,2125,331729
boston_forsale_02125.csv,330000,3,1,1100,1900,2125,275371
boston_forsale_02125.csv,330000,2,1,1260,1910,2125,257406
boston_forsale_02127.csv,330000,1,1,680,2005,2127,285658
boston_forsale_02215.csv,330000,1,1,505,1900,2215,324201
boston_forsale_02128.csv,334000,5,3,2772,1900,2128,335189
boston_forsale_02127.csv,335000,1,1,653,1890,2127,275323
boston_forsale_02127.csv,335000,1,1,604,1988,2127,0
boston_forsale_02127.csv,335000,3,2,1000,1900,2127,445429
boston_forsale_02122.csv,335440,4,2,2116,1928,2122,335440
boston_forsale_02109.csv,337000,1,1,523,1920,2109,279907
boston_forsale_02115.csv,338600,2,1,1150,1880,2115,335609
boston_forsale_02119.csv,339000,3,1.5,1537,1860,2119,298264
boston_forsale_02125.csv,339000,3,2.5,1237,2004,2125,302543
boston_forsale_02127.csv,339000,2,1,714,1939,2127,302617
boston_forsale_02127.csv,339000,2,2,731,1900,2127,301422
boston_forsale_02127.csv,339000,5,1,1034,1920,2127,356438
boston_forsale_02122.csv,339900,3,2,1331,1915,2122,231000
boston_forsale_02127.csv,339900,1,1,660,1899,2127,316557
boston_forsale_02119.csv,340000,3,1,1200,1880,2119,255576
boston_forsale_02122.csv,340000,3,1,1334,1900,2122,269685
boston_forsale_02118.csv,340635,1,1,833,1899,2118,340635
boston_forsale_02116.csv,347000,1,1,401,1925,2116,339673
boston_forsale_02116.csv,349000,1,1,401,1950,2116,376618
boston_forsale_02119.csv,349000,3,1.5,1621,1860,2119,309047
boston_forsale_02127.csv,349000,2,1.5,904,1900,2127,304388
boston_forsale_02128.csv,349000,4,2,1100,1960,2128,0
boston_forsale_02128.csv,349000,3,3.5,1944,1910,2128,274850
boston_forsale_02215.csv,349000,1,1,615,0,2215,343623
boston_forsale_02122.csv,350000,2,2,1243,1988,2122,308273
boston_forsale_02125.csv,350000,2,1,815,0,2125,271332
boston_forsale_02128.csv,350000,4,2,1348,1900,2128,287492
boston_forsale_02125.csv,354000,3,2,1152,1900,2125,306734
boston_forsale_02127.csv,354000,2,0,782,1900,2127,0
boston_forsale_02109.csv,359000,1,1,585,1900,2109,0
boston_forsale_02115.csv,359000,2,1,1125,1900,2115,346936
boston_forsale_02122.csv,359000,2,2.5,1184,2004,2122,313179
boston_forsale_02125.csv,359000,2,2.5,1500,2013,2125,0
boston_forsale_02125.csv,359000,2,2.5,1500,2013,2125,0
boston_forsale_02125.csv,359000,3,2,1953,1895,2125,344497
boston_forsale_02128.csv,359000,4,3,1240,1900,2128,297621
boston_forsale_02126.csv,359400,4,2,1715,1945,2126,0
boston_forsale_02116.csv,359500,1,1,510,1900,2116,340315
boston_forsale_02124.csv,359900,5,3,2287,1905,2124,326048
boston_forsale_02113.csv,360000,1,1,650,1900,2113,353777
boston_forsale_02127.csv,360000,1,1,707,1890,2127,314319
boston_forsale_02128.csv,360000,2,1,948,1920,2128,249960
boston_forsale_02215.csv,360000,1,1,595,1887,2215,305977
boston_forsale_02114.csv,365000,1,1,509,1899,2114,323785
boston_forsale_02125.csv,365000,2,2,1277,2003,2125,276378
boston_forsale_02116.csv,369000,1,1,468,0,2116,401224
boston_forsale_02118.csv,369000,1,1,612,1890,2118,366042
boston_forsale_02118.csv,369000,1,1,561,1900,2118,326850
boston_forsale_02119.csv,369000,3,2,1800,2010,2119,332295
boston_forsale_02119.csv,369000,4,3,2591,1890,2119,303938
boston_forsale_02127.csv,369000,2,1,737,1910,2127,322019
boston_forsale_02127.csv,369000,2,1,725,1946,2127,320719
boston_forsale_02215.csv,369000,1,1,619,1920,2215,339753
boston_forsale_02215.csv,369000,1,1,765,0,2215,419311
boston_forsale_02128.csv,369900,5,4.5,1990,1920,2128,356234
boston_forsale_02127.csv,370000,2,2,845,1890,2127,365477
boston_forsale_02215.csv,370000,1,1,492,1900,2215,331164
boston_forsale_02126.csv,374900,4,2,1864,1900,2126,334546
boston_forsale_02127.csv,374900,2,1,733,2009,2127,309620
boston_forsale_02125.csv,375000,2,2,1488,1905,2125,332061
boston_forsale_02127.csv,375000,2,1.5,1189,1899,2127,241585
boston_forsale_02127.csv,375000,1,1,512,1900,2127,253805
boston_forsale_02128.csv,375000,4,2,1858,1918,2128,398002
boston_forsale_02128.csv,375000,3,3.5,1232,2003,2128,381101
boston_forsale_02119.csv,379000,10,5,4000,1920,2119,0
boston_forsale_02127.csv,379000,2,1,678,1899,2127,337524
boston_forsale_02127.csv,379000,2,1.5,1047,1993,2127,363671
boston_forsale_02215.csv,379000,2,1,635,1900,2215,0
boston_forsale_02113.csv,379900,1,1,651,1850,2113,0
boston_forsale_02121.csv,379900,10,3,4063,1900,2121,281548
boston_forsale_02127.csv,379900,2,1.5,830,1980,2127,354995
boston_forsale_02115.csv,380000,1,1,488,1899,2115,374017
boston_forsale_02116.csv,380000,1,1,666,1900,2116,354394
boston_forsale_02118.csv,385000,2,1.5,1120,2000,2118,0
boston_forsale_02122.csv,389000,2,2,1275,2013,2122,374017
boston_forsale_02122.csv,389000,9,3,4071,1905,2122,0
boston_forsale_02125.csv,389000,2,2,1088,2006,2125,322963
boston_forsale_02127.csv,389000,2,1,850,2005,2127,347164
boston_forsale_02127.csv,389000,3,2,1000,2001,2127,352973
boston_forsale_02127.csv,389000,2,2,963,2001,2127,421042
boston_forsale_02119.csv,389900,9,3,5640,1935,2119,398879
boston_forsale_02115.csv,390000,1,1,480,1920,2115,322645
boston_forsale_02127.csv,390000,2,1,839,1880,2127,323399
boston_forsale_02118.csv,392858,1,1,886,2006,2118,392858
boston_forsale_02118.csv,395000,1,1,624,1910,2118,374556
boston_forsale_02127.csv,395000,2,1,657,1924,2127,0
boston_forsale_02114.csv,399000,1,1,350,1899,2114,321526
boston_forsale_02116.csv,399000,1,1,720,1910,2116,0
boston_forsale_02118.csv,399000,2,1,695,1885,2118,377823
boston_forsale_02122.csv,399000,2,2.5,2111,2006,2122,388388
boston_forsale_02122.csv,399000,2,2,1272,2013,2122,355148
boston_forsale_02122.csv,399000,5,2,2065,2005,2122,370025
boston_forsale_02124.csv,399000,4,2.5,1900,1900,2124,350597
boston_forsale_02127.csv,399000,2,2,1258,1890,2127,437041
boston_forsale_02127.csv,399000,2,1,687,1899,2127,313724
boston_forsale_02127.csv,399000,3,1,1504,1880,2127,462658
boston_forsale_02128.csv,399000,3,2,1384,1910,2128,280172
boston_forsale_02128.csv,399000,4,2.5,1814,1964,2128,361316
boston_forsale_02215.csv,399000,1,1,538,1900,2215,364539
boston_forsale_02127.csv,399900,1,1,758,2011,2127,0
boston_forsale_02113.csv,400000,1,1,417,1899,2113,250601
boston_forsale_02127.csv,400000,2,1,766,1890,2127,329608
boston_forsale_02127.csv,404077,2,2,1277,2006,2127,404077
boston_forsale_02127.csv,409000,3,1.5,1523,1890,2127,392107
boston_forsale_02128.csv,409000,8,3,2613,1900,2128,0
boston_forsale_02116.csv,410000,1,1,672,1890,2116,473054
boston_forsale_02118.csv,410000,1,1,579,1912,2118,0
boston_forsale_02125.csv,410000,2,2,1400,1899,2125,0
boston_forsale_02127.csv,410000,2,1.5,995,1890,2127,378568
boston_forsale_02127.csv,414758,2,2,1367,2006,2127,414758
boston_forsale_02125.csv,415000,3,1.5,1304,2002,2125,332968
boston_forsale_02127.csv,415000,2,1,1150,1890,2127,393084
boston_forsale_02109.csv,419000,2,1,601,1900,2109,391649
boston_forsale_02109.csv,419000,2,1,601,1900,2109,389080
boston_forsale_02122.csv,419000,2,2,1272,2012,2122,388715
boston_forsale_02122.csv,419000,2,2,1272,2012,2122,388715
boston_forsale_02128.csv,419000,5,3,2975,1900,2128,0
boston_forsale_02128.csv,419900,10,3,3415,1920,2128,0
boston_forsale_02114.csv,420000,2,1,635,1890,2114,440216
boston_forsale_02121.csv,420000,3,2,1680,2003,2121,285405
boston_forsale_02128.csv,420000,3,3,1590,1910,2128,370023
boston_forsale_02116.csv,425000,1,1,600,1873,2116,416102
boston_forsale_02127.csv,425000,2,2,1131,1910,2127,424937
boston_forsale_02128.csv,425000,3,1.5,2024,1900,2128,259615
boston_forsale_02115.csv,429000,2,1,892,1900,2115,433579
boston_forsale_02116.csv,429000,1,1,772,1900,2116,0
boston_forsale_02118.csv,429000,1,1,661,1945,2118,358500
boston_forsale_02122.csv,429000,3,3,2100,2013,2122,421040
boston_forsale_02127.csv,429000,2,1.5,1228,1890,2127,415299
boston_forsale_02127.csv,429000,2,2,760,1900,2127,369526
boston_forsale_02127.csv,429000,3,2,1195,1893,2127,439879
boston_forsale_02127.csv,429000,3,2,1195,1893,2127,445546
boston_forsale_02127.csv,429000,3,2,1196,2004,2127,463080
boston_forsale_02127.csv,429900,2,1,843,2009,2127,350243
boston_forsale_02118.csv,435000,1,1,560,1899,2118,394909
boston_forsale_02115.csv,437000,1,1,635,1920,2115,0
boston_forsale_02109.csv,439000,1,1,680,1899,2109,0
boston_forsale_02113.csv,439000,2,1,715,1900,2113,374568
boston_forsale_02116.csv,439000,1,1,596,1872,2116,0
boston_forsale_02116.csv,439000,1,1,610,1910,2116,388837
boston_forsale_02125.csv,439000,3,2.5,1862,1910,2125,401638
boston_forsale_02127.csv,439000,2,2,800,1910,2127,367965
boston_forsale_02127.csv,439000,2,2,1542,2003,2127,424330
boston_forsale_02127.csv,439000,2,2,1195,1910,2127,415701
boston_forsale_02122.csv,439900,9,3,3639,1905,2122,399291
boston_forsale_02128.csv,439900,6,4,2196,1900,2128,0
boston_forsale_02215.csv,439900,1,1,725,1910,2215,418632
boston_forsale_02114.csv,440000,2,1,605,1899,2114,373467
boston_forsale_02127.csv,440000,2,2,1000,2006,2127,0
boston_forsale_02114.csv,449000,1,1,833,1964,2114,414457
boston_forsale_02118.csv,449000,1,1,750,1900,2118,385498
boston_forsale_02118.csv,449000,1,1,770,1899,2118,403650
boston_forsale_02122.csv,449000,3,3,2100,2013,2122,421040
boston_forsale_02126.csv,449000,9,3,4020,1905,2126,0
boston_forsale_02127.csv,449000,2,1,900,1905,2127,378263
boston_forsale_02127.csv,449000,2,2,991,1910,2127,395383
boston_forsale_02127.csv,449000,1,1,782,1906,2127,0
boston_forsale_02215.csv,449000,1,1,875,1910,2215,0
boston_forsale_02111.csv,449900,1,1.5,884,1900,2111,478072
boston_forsale_02122.csv,449900,9,3,3231,1905,2122,448802
boston_forsale_02127.csv,449900,1,1,1008,1899,2127,399833
boston_forsale_02127.csv,450000,3,1.5,1219,1930,2127,401007
boston_forsale_02128.csv,450000,3,1.5,1594,1847,2128,377149
boston_forsale_02125.csv,452000,6,3,3132,1920,2125,344843
boston_forsale_02118.csv,459000,1,1,1018,1899,2118,365062
boston_forsale_02119.csv,459000,11,3,3000,1905,2119,359692
boston_forsale_02127.csv,459000,2,1.5,1109,2005,2127,420894
boston_forsale_02127.csv,459000,3,2,1132,1935,2127,421856
boston_forsale_02111.csv,465000,1,1,769,1899,2111,490858
boston_forsale_02122.csv,465000,4,2,1994,1924,2122,378168
boston_forsale_02113.csv,469000,1,1,1000,1870,2113,469461
boston_forsale_02113.csv,469000,2,1,650,0,2113,421069
boston_forsale_02125.csv,469000,11,3,3678,1905,2125,418010
boston_forsale_02116.csv,469900,1,1,563,1910,2116,413260
boston_forsale_02111.csv,470000,1,1,801,2001,2111,531208
boston_forsale_02116.csv,475000,2,1,626,1910,2116,0
boston_forsale_02119.csv,475000,3,2.5,2100,2005,2119,322892
boston_forsale_02125.csv,475000,10,3.5,5398,1900,2125,472122
boston_forsale_02127.csv,475000,3,1,1079,1900,2127,400178
boston_forsale_02215.csv,475000,2,1,730,0,2215,0
boston_forsale_02113.csv,479000,1,1,695,1910,2113,0
boston_forsale_02114.csv,479000,2,1,530,1920,2114,398739
boston_forsale_02118.csv,479000,1,1,733,2006,2118,443860
boston_forsale_02119.csv,479000,4,3,1981,1905,2119,382035
boston_forsale_02124.csv,479000,9,3,4107,0,2124,453863
boston_forsale_02125.csv,479000,6,3,3405,1905,2125,412241
boston_forsale_02118.csv,480000,2,1,759,1899,2118,431423
boston_forsale_02128.csv,480000,2,2,1248,1899,2128,338191
boston_forsale_02210.csv,484000,1,1,683,1899,2210,430876
boston_forsale_02127.csv,485000,3,2,1875,1995,2127,419230
boston_forsale_02113.csv,488000,2,1,715,0,2113,454281
boston_forsale_02113.csv,489000,1,1,715,1910,2113,421832
boston_forsale_02119.csv,489000,6,2,3000,1910,2119,292471
boston_forsale_02128.csv,489000,8,4,2757,1885,2128,0
boston_forsale_02122.csv,495000,4,2,2242,1910,2122,431038
boston_forsale_02127.csv,495000,2,1,1115,1890,2127,412185
boston_forsale_02215.csv,495000,2,1,705,1924,2215,0
boston_forsale_02110.csv,496000,1,1,882,1970,2110,504400
boston_forsale_02116.csv,498000,1,1,585,1890,2116,473407
boston_forsale_02116.csv,499000,1,1,670,1890,2116,455168
boston_forsale_02116.csv,499000,1,1,585,1860,2116,444094
boston_forsale_02118.csv,499000,2,1,866,1899,2118,444842
boston_forsale_02118.csv,499000,1,1,1000,0,2118,792079
boston_forsale_02122.csv,499000,3,3,2707,1899,2122,0
boston_forsale_02127.csv,499000,2,2,1020,2004,2127,0
boston_forsale_02127.csv,499000,2,1,1016,1905,2127,353188
boston_forsale_02127.csv,499000,2,2,1220,2003,2127,497061
boston_forsale_02127.csv,499000,4,2.5,1725,1880,2127,477889
boston_forsale_02215.csv,499000,1,1,898,1910,2215,365550
boston_forsale_02113.csv,499500,2,1,812,1870,2113,424284
boston_forsale_02122.csv,499900,6,3.5,3131,1905,2122,426614
boston_forsale_02127.csv,499900,3,2.5,1401,1873,2127,484091
boston_forsale_02111.csv,499999,1,1.5,966,2004,2111,538141
boston_forsale_02127.csv,499999,3,2,1564,1899,2127,0
boston_forsale_02128.csv,499999,4,3,1406,1959,2128,0
boston_forsale_02114.csv,500000,2,1,608,1930,2114,401482
boston_forsale_02125.csv,500000,9,3,4125,1905,2125,487929
boston_forsale_02127.csv,500000,2,2,1131,1905,2127,461763
boston_forsale_02128.csv,500000,8,3,3156,1910,2128,413755
boston_forsale_02114.csv,509000,2,1,700,1899,2114,467973
boston_forsale_02127.csv,509900,2,2,1077,1900,2127,451060
boston_forsale_02127.csv,510000,3,2.5,960,1890,2127,449877
boston_forsale_02116.csv,519000,1,1,433,1999,2116,418073
boston_forsale_02127.csv,519000,2,2,1288,1930,2127,480268
boston_forsale_02127.csv,519000,3,1,1194,1905,2127,425213
boston_forsale_02127.csv,519000,2,2,1621,1910,2127,491824
boston_forsale_02215.csv,519000,1,1,663,2006,2215,369149
boston_forsale_02111.csv,525000,1,1.5,1059,2004,2111,564852
boston_forsale_02121.csv,525000,7,3.5,2905,1895,2121,485908
boston_forsale_02127.csv,525000,2,2,1126,1905,2127,463390
boston_forsale_02127.csv,525000,3,2.5,1734,2001,2127,524602
boston_forsale_02127.csv,525000,2,2.5,1150,1890,2127,578011
boston_forsale_02128.csv,525000,2,2.5,1584,1880,2128,324273
boston_forsale_02119.csv,525900,4,3.5,3000,1860,2119,398654
boston_forsale_02110.csv,529000,1,1,864,2005,2110,521099
boston_forsale_02111.csv,529000,1,1,1255,1897,2111,549993
boston_forsale_02127.csv,529000,2,2,1260,1920,2127,451864
boston_forsale_02128.csv,529000,5,5,3183,2005,2128,0
boston_forsale_02118.csv,529900,2,1,1045,1912,2118,529403
boston_forsale_02128.csv,529900,11,3,3231,1915,2128,420718
boston_forsale_02115.csv,534976,2,1,1000,0,2115,500617
boston_forsale_02111.csv,535000,1,2,1119,1900,2111,559540
boston_forsale_02115.csv,535000,2,1,610,0,2115,457494
boston_forsale_02119.csv,535000,3,2,1480,2012,2119,443389
boston_forsale_02119.csv,535000,3,2,1480,2012,2119,443389
boston_forsale_02121.csv,535000,11,5.5,5028,1905,2121,526761
boston_forsale_02110.csv,539000,1,1,874,1970,2110,509347
boston_forsale_02116.csv,539000,1,1,709,1885,2116,504231
boston_forsale_02128.csv,539000,4,5.5,3528,1930,2128,510111
boston_forsale_02113.csv,540000,2,1,855,1900,2113,440870
boston_forsale_02108.csv,545000,1,1,806,1890,2108,0
boston_forsale_02118.csv,545000,1,1,740,1890,2118,468314
boston_forsale_02118.csv,546000,2,1,792,1920,2118,0
boston_forsale_02113.csv,549000,2,1,722,1900,2113,438296
boston_forsale_02114.csv,549000,1,1,750,1900,2114,0
boston_forsale_02114.csv,549000,1,1,690,1850,2114,403353
boston_forsale_02116.csv,549000,1,1,700,1890,2116,0
boston_forsale_02118.csv,549000,2,1,896,2002,2118,712952
boston_forsale_02118.csv,549000,2,1.5,907,1900,2118,520060
boston_forsale_02118.csv,549000,1,1,950,1900,2118,0
boston_forsale_02127.csv,549000,2,2,1650,2006,2127,0
boston_forsale_02127.csv,549000,2,2,1650,2006,2127,0
boston_forsale_02128.csv,549000,4,4,2205,1900,2128,445201
boston_forsale_02113.csv,549500,2,1,840,1900,2113,492012
boston_forsale_02124.csv,549999,2,2,1441,1900,2124,0
boston_forsale_02109.csv,550000,1,1.5,1082,1900,2109,532072
boston_forsale_02109.csv,550000,1,1,965,1853,2109,588797
boston_forsale_02114.csv,550000,1,1,605,0,2114,412704
boston_forsale_02127.csv,550000,3,2,1119,1920,2127,447139
boston_forsale_02127.csv,550000,1,2,1100,1900,2127,440218
boston_forsale_02210.csv,550000,1,1,1005,1900,2210,516625
boston_forsale_02118.csv,559000,2,1,1078,1890,2118,490046
boston_forsale_02122.csv,559000,4,2,2638,1926,2122,450863
boston_forsale_02127.csv,559000,2,2,1348,2005,2127,520567
boston_forsale_02215.csv,559000,1,1,673,1897,2215,0
boston_forsale_02127.csv,559900,99,0,1300,1890,2127,567098
boston_forsale_02110.csv,565000,1,1,746,1970,2110,510277
boston_forsale_02111.csv,565000,1,2,1119,1900,2111,547204
boston_forsale_02127.csv,569000,2,2.5,1742,1998,2127,605812
boston_forsale_02127.csv,569000,2,2,1154,2013,2127,510032
boston_forsale_02127.csv,569000,3,2,1000,0,2127,482904
boston_forsale_02110.csv,569900,1,1,836,2006,2110,525517
boston_forsale_02127.csv,570000,2,1,1382,1899,2127,513638
boston_forsale_02109.csv,575000,2,1,827,1935,2109,500682
boston_forsale_02109.csv,575000,1,1,867,1850,2109,456084
boston_forsale_02110.csv,575000,1,1,881,1970,2110,559894
boston_forsale_02115.csv,575000,1,1.5,1013,1886,2115,0
boston_forsale_02118.csv,575000,2,2,1140,1900,2118,593338
boston_forsale_02124.csv,575000,6,3.5,3396,1920,2124,414112
boston_forsale_02127.csv,575000,2,2,1170,1900,2127,553442
boston_forsale_02215.csv,575000,1,1,745,1897,2215,0
boston_forsale_02114.csv,579000,2,2,860,1900,2114,590628
boston_forsale_02115.csv,579000,2,1,967,1910,2115,436667
boston_forsale_02127.csv,579000,2,2,1301,2006,2127,431172
boston_forsale_02127.csv,579000,2,2,1269,2013,2127,554896
boston_forsale_02127.csv,579000,3,2,1645,2001,2127,529127
boston_forsale_02210.csv,579000,1,1.5,924,2004,2210,578097
boston_forsale_02127.csv,585000,2,2,1269,2013,2127,0
boston_forsale_02215.csv,588800,2,1,1134,1910,2215,530969
boston_forsale_02119.csv,589000,8,3,4407,1905,2119,426609
boston_forsale_02121.csv,589000,11,5,4550,1905,2121,576465
boston_forsale_02121.csv,589000,11,5,4541,1905,2121,558823
boston_forsale_02127.csv,590000,2,2,902,2003,2127,407863
boston_forsale_02114.csv,595000,2,2,1035,1899,2114,0
boston_forsale_02109.csv,599000,1,1.5,855,1856,2109,527015
boston_forsale_02110.csv,599000,1,1,825,1830,2110,614732
boston_forsale_02111.csv,599000,1,2,1085,2001,2111,626653
boston_forsale_02113.csv,599000,1,1,913,1899,2113,559212
boston_forsale_02115.csv,599000,2,1,784,1890,2115,0
boston_forsale_02118.csv,599000,1,2,1012,1858,2118,600807
boston_forsale_02118.csv,599000,3,1,1073,1910,2118,0
boston_forsale_02127.csv,599000,3,2.5,1850,2008,2127,543315
boston_forsale_02127.csv,599000,2,2,1269,2013,2127,537984
boston_forsale_02127.csv,599000,2,2,1239,2013,2127,538457
boston_forsale_02127.csv,599000,2,1.5,1216,1995,2127,477714
boston_forsale_02127.csv,599000,2,2,1143,2013,2127,605152
boston_forsale_02127.csv,599000,2,2,1306,2013,2127,559038
boston_forsale_02215.csv,599000,2,1,883,1910,2215,601665
boston_forsale_02127.csv,599900,2,2,1323,1900,2127,553330
boston_forsale_02215.csv,599900,2,1,902,2005,2215,510647
boston_forsale_02111.csv,600000,3,2,1400,1900,2111,0
boston_forsale_02111.csv,600000,1,1,1091,1897,2111,518092
boston_forsale_02116.csv,600000,2,1,856,1890,2116,0
boston_forsale_02116.csv,600000,2,1,612,1905,2116,440110
boston_forsale_02118.csv,600000,1,1,744,1890,2118,466588
boston_forsale_02121.csv,600000,8,4,4613,1900,2121,609098
boston_forsale_02122.csv,600000,10,4,3217,1900,2122,390988
boston_forsale_02125.csv,600000,6,3,3125,1880,2125,479028
boston_forsale_02125.csv,600000,4,2.5,1761,1930,2125,323017
boston_forsale_02127.csv,600000,2,2.5,1482,1880,2127,539583
boston_forsale_02127.csv,600000,2,2,880,2011,2127,432233
boston_forsale_02110.csv,609000,1,1,825,1973,2110,0
boston_forsale_02127.csv,610000,2,2,1270,2013,2127,538392
boston_forsale_02110.csv,615000,1,1,825,1850,2110,607052
boston_forsale_02115.csv,615000,2,0,950,1880,2115,0
boston_forsale_02122.csv,615000,6,3,3534,1905,2122,439296
boston_forsale_02114.csv,619000,1,1,987,2003,2114,603045
boston_forsale_02116.csv,619000,1,1.5,733,1890,2116,551127
boston_forsale_02118.csv,619000,2,2,1043,2001,2118,0
boston_forsale_02127.csv,619000,2,2,1293,2003,2127,571733
boston_forsale_02125.csv,620000,3,2.5,2322,2002,2125,531306
boston_forsale_02115.csv,624000,2,1,743,1890,2115,525464
boston_forsale_02114.csv,625000,2,1,720,1935,2114,486617
boston_forsale_02116.csv,625000,2,1,825,1865,2116,577600
boston_forsale_02119.csv,625000,4,2,3246,1905,2119,308400
boston_forsale_02127.csv,625000,2,2.5,1205,2011,2127,558717
boston_forsale_02127.csv,625000,2,1.5,1548,1900,2127,561454
boston_forsale_02127.csv,625000,2,2,1473,2004,2127,541716
boston_forsale_02111.csv,629000,2,2,1026,2003,2111,573592
boston_forsale_02116.csv,629000,1,1,833,1927,2116,0
boston_forsale_02116.csv,629000,1,1,845,1859,2116,548630
boston_forsale_02118.csv,629000,2,1,814,1890,2118,0
boston_forsale_02118.csv,629000,2,1,1083,2006,2118,0
boston_forsale_02127.csv,629000,2,2,1306,2013,2127,539917
boston_forsale_02111.csv,630000,2,0,1027,2004,2111,0
boston_forsale_02110.csv,637500,2,2,1112,1899,2110,583177
boston_forsale_02110.csv,637500,2,2,1112,1900,2110,909515
boston_forsale_02118.csv,639000,2,1,700,1875,2118,495658
boston_forsale_02124.csv,639000,3,2.5,2184,1900,2124,0
boston_forsale_02127.csv,639000,2,2.5,1350,2013,2127,595650
boston_forsale_02127.csv,639000,2,2,1360,2013,2127,553083
boston_forsale_02127.csv,639900,2,2.5,1205,2011,2127,559586
boston_forsale_02210.csv,639900,1,1,1153,1911,2210,529170
boston_forsale_02116.csv,649000,1,1,688,1869,2116,520592
boston_forsale_02127.csv,649000,2,1.5,1695,1988,2127,452020
boston_forsale_02127.csv,649000,2,2,1263,1906,2127,486390
boston_forsale_02127.csv,649000,2,2,1540,2013,2127,598043
boston_forsale_02127.csv,649000,2,2,1370,2006,2127,643875
boston_forsale_02215.csv,649000,1,1,813,1895,2215,497574
boston_forsale_02108.csv,650000,2,2,803,1850,2108,577604
boston_forsale_02126.csv,650000,12,6,5802,1910,2126,0
boston_forsale_02127.csv,650000,6,6,2100,1890,2127,664567
boston_forsale_02116.csv,659000,1,1,725,2004,2116,567531
boston_forsale_02125.csv,659000,5,4,4212,1910,2125,616739
boston_forsale_02210.csv,659000,1,1.5,1229,2004,2210,583058
boston_forsale_02119.csv,660000,11,6,5578,1900,2119,628895
boston_forsale_02109.csv,665000,2,1,1050,1900,2109,543980
boston_forsale_02127.csv,665000,1,1,1087,2007,2127,589872
boston_forsale_02114.csv,675000,1,1,619,1890,2114,442853
boston_forsale_02127.csv,675000,2,2,1200,2009,2127,498873
boston_forsale_02110.csv,679000,2,1.5,1229,1970,2110,708782
boston_forsale_02116.csv,679000,2,1,741,1880,2116,534038
boston_forsale_02111.csv,685000,1,2,1368,1920,2111,653769
boston_forsale_02127.csv,689000,2,3,2000,1905,2127,664037
boston_forsale_02110.csv,690000,2,2,1230,1970,2110,657362
boston_forsale_02127.csv,690000,4,3.5,2304,1890,2127,643401
boston_forsale_02116.csv,695000,1,1,879,1899,2116,630597
boston_forsale_02118.csv,695000,2,1,1057,1857,2118,801294
boston_forsale_02126.csv,695000,12,6,5604,1920,2126,629679
boston_forsale_02109.csv,699000,2,1,802,1860,2109,550644
boston_forsale_02115.csv,699000,2,1,840,1899,2115,0
boston_forsale_02116.csv,699000,1,2,1435,1890,2116,0
boston_forsale_02118.csv,699000,1,1,1286,2004,2118,679255
boston_forsale_02109.csv,700000,2,2,1187,1987,2109,678120
boston_forsale_02118.csv,700000,2,1,1151,1900,2118,674417
boston_forsale_02125.csv,700000,7,3.5,2742,1880,2125,400012
boston_forsale_02115.csv,710000,2,1.5,1126,1889,2115,668660
boston_forsale_02115.csv,715000,2,2,1152,1899,2115,0
boston_forsale_02127.csv,715000,3,3,2125,1890,2127,517221
boston_forsale_02116.csv,719000,2,1.5,1107,1996,2116,728831
boston_forsale_02110.csv,720000,2,1.5,1211,1972,2110,0
boston_forsale_02215.csv,721000,2,2,1033,2005,2215,664255
boston_forsale_02113.csv,724900,1,1,796,2005,2113,0
boston_forsale_02118.csv,725000,2,1.5,1106,1890,2118,621370
boston_forsale_02127.csv,725000,2,2,1143,2013,2127,628701
boston_forsale_02127.csv,725000,2,2,1143,2013,2127,628701
boston_forsale_02118.csv,726324,2,2,1216,2004,2118,726324
boston_forsale_02115.csv,728888,1,1,851,1918,2115,653804
boston_forsale_02127.csv,729000,3,3,2100,2013,2127,664756
boston_forsale_02118.csv,735000,2,2,975,1935,2118,0
boston_forsale_02113.csv,739000,2,2,1160,1920,2113,609867
boston_forsale_02127.csv,739000,2,2,1591,2012,2127,651537
boston_forsale_02127.csv,740000,2,2,1334,1945,2127,645202
boston_forsale_02127.csv,745000,2,2,1416,2013,2127,668134
boston_forsale_02110.csv,749000,2,1.5,1215,1972,2110,670200
boston_forsale_02114.csv,749000,2,2,990,1930,2114,0
boston_forsale_02116.csv,749000,1,1,864,2008,2116,655745
boston_forsale_02118.csv,749000,2,2,1109,2000,2118,0
boston_forsale_02125.csv,749000,5,2.5,2059,1910,2125,521232
boston_forsale_02127.csv,749000,2,3,2100,2013,2127,681729
boston_forsale_02111.csv,750000,2,2,1368,1900,2111,618663
boston_forsale_02113.csv,750000,1,1.5,912,1903,2113,0
boston_forsale_02118.csv,750000,2,1.5,917,2006,2118,628635
boston_forsale_02127.csv,750000,3,3.5,1980,1880,2127,633971
boston_forsale_02127.csv,750000,10,3,3394,1900,2127,607535
boston_forsale_02215.csv,769000,2,2,1076,1920,2215,722478
boston_forsale_02215.csv,769000,2,2,1076,1910,2215,673276
boston_forsale_02118.csv,769900,2,1.5,1380,1860,2118,541806
boston_forsale_02118.csv,774000,2,2.5,1490,1900,2118,710981
boston_forsale_02127.csv,775000,3,2.5,2241,2006,2127,717910
boston_forsale_02215.csv,775000,2,2,1285,1910,2215,782417
boston_forsale_02215.csv,775000,2,2,1285,1910,2215,776123
boston_forsale_02121.csv,778000,10,5,5930,1920,2121,719931
boston_forsale_02118.csv,785000,2,2,1326,1890,2118,765639
boston_forsale_02111.csv,795000,2,2,1496,1913,2111,714894
boston_forsale_02116.csv,795000,2,1.5,1106,1910,2116,778165
boston_forsale_02110.csv,799000,2,2,1218,1972,2110,734868
boston_forsale_02110.csv,799000,2,2,1226,1970,2110,709464
boston_forsale_02111.csv,799000,2,2,1424,2003,2111,832585
boston_forsale_02115.csv,799000,1,1,870,1890,2115,676317
boston_forsale_02118.csv,799000,2,3,2316,1855,2118,837815
boston_forsale_02122.csv,799000,6,3.5,5076,1892,2122,681495
boston_forsale_02127.csv,799000,4,2.5,2025,1890,2127,650481
boston_forsale_02108.csv,799995,2,1,778,1900,2108,591583
boston_forsale_02118.csv,799999,2,2,1574,1899,2118,820382
boston_forsale_02118.csv,800000,2,2,1254,1900,2118,700465
boston_forsale_02124.csv,800000,12,6,6579,1899,2124,692692
boston_forsale_02127.csv,800000,3,2,2100,1890,2127,722489
boston_forsale_02127.csv,800000,2,2,1260,2005,2127,492504
boston_forsale_02118.csv,815000,3,2,1330,1899,2118,749754
boston_forsale_02127.csv,815000,1,2.5,1539,1906,2127,791540
boston_forsale_02110.csv,824900,2,2,1168,2006,2110,747293
boston_forsale_02116.csv,825000,2,2,1010,1901,2116,0
boston_forsale_02116.csv,829000,1,2,944,2004,2116,0
boston_forsale_02116.csv,839000,2,2,1016,1901,2116,0
boston_forsale_02111.csv,849000,2,3,1343,2002,2111,865621
boston_forsale_02114.csv,849000,2,2.5,1630,1880,2114,853809
boston_forsale_02116.csv,849000,1,1,1142,1865,2116,0
boston_forsale_02116.csv,849000,2,2,1219,1905,2116,908750
boston_forsale_02118.csv,849000,3,2,1987,1862,2118,850867
boston_forsale_02127.csv,849000,2,3,2350,2009,2127,0
boston_forsale_02114.csv,849900,2,2,1350,1900,2114,827390
boston_forsale_02127.csv,849900,4,2.5,1548,1900,2127,0
boston_forsale_02109.csv,850000,2,2,1240,1900,2109,769519
boston_forsale_02118.csv,850000,3,2,1485,1899,2118,776559
boston_forsale_02122.csv,850000,12,8,7458,1905,2122,0
boston_forsale_02127.csv,850000,11,3,4530,1928,2127,632843
boston_forsale_02114.csv,852498,3,2.5,1350,1890,2114,852498
boston_forsale_02118.csv,855440,4,3,1843,1900,2118,855440
boston_forsale_02116.csv,859000,2,1.5,1252,1890,2116,797020
boston_forsale_02127.csv,869000,2,2,1690,2007,2127,791551
boston_forsale_02127.csv,869000,3,2.5,1771,2000,2127,745002
boston_forsale_02127.csv,869000,2,2.5,1897,2007,2127,801735
boston_forsale_02116.csv,879000,1,1,798,1880,2116,0
boston_forsale_02118.csv,879000,2,2,1468,1999,2118,1002458
boston_forsale_02118.csv,879000,2,2,1468,1999,2118,919110
boston_forsale_02210.csv,879000,1,2,1184,2008,2210,0
boston_forsale_02108.csv,889000,2,1,1416,1900,2108,0
boston_forsale_02215.csv,889000,2,2,1152,1897,2215,666944
boston_forsale_02118.csv,895000,2,2,1468,2004,2118,834907
boston_forsale_02110.csv,899000,2,1,1264,1978,2110,853769
boston_forsale_02111.csv,899000,2,2,1883,1897,2111,876294
boston_forsale_02114.csv,899000,3,1,1020,1905,2114,0
boston_forsale_02118.csv,899000,2,2.5,2046,1910,2118,0
boston_forsale_02127.csv,899000,6,2,2502,1872,2127,749746
boston_forsale_02210.csv,899000,1,1.5,1067,2006,2210,783979
boston_forsale_02210.csv,899500,1,2,1719,1920,2210,806620
boston_forsale_02113.csv,899900,2,2,1689,1899,2113,640498
boston_forsale_02118.csv,899900,2,2.5,1400,1900,2118,1011641
boston_forsale_02115.csv,900000,2,2.5,1476,1890,2115,770422
boston_forsale_02115.csv,900000,2,2.5,1476,1890,2115,820883
boston_forsale_02115.csv,900000,2,2.5,1476,1890,2115,871075
boston_forsale_02118.csv,900000,2,1.5,1420,1860,2118,782332
boston_forsale_02118.csv,900000,2,2,1388,1914,2118,749441
boston_forsale_02127.csv,900000,7,5,3244,1900,2127,654456
boston_forsale_02111.csv,925000,2,2,1169,1989,2111,641945
boston_forsale_02115.csv,929000,2,1.5,1353,1891,2115,862834
boston_forsale_02116.csv,929000,2,2.5,1303,1899,2116,894580
boston_forsale_02118.csv,929000,2,2,1801,1914,2118,0
boston_forsale_02127.csv,935000,4,2,9999,1900,2127,0
boston_forsale_02127.csv,939000,5,2,4175,1890,2127,791464
boston_forsale_02116.csv,945000,2,2,1200,1885,2116,933581
boston_forsale_02116.csv,949000,2,3,1303,0,2116,0
boston_forsale_02110.csv,950000,2,1.5,1337,1920,2110,901729
boston_forsale_02113.csv,950000,2,1.5,1518,1899,2113,702927
boston_forsale_02116.csv,950000,2,1,1053,1884,2116,780528
boston_forsale_02115.csv,969000,3,2.5,1660,1890,2115,887260
boston_forsale_02108.csv,975000,1,1.5,1316,2009,2108,956618
boston_forsale_02109.csv,975000,2,2.5,1650,1899,2109,0
boston_forsale_02114.csv,975000,2,2,1240,2002,2114,888985
boston_forsale_02127.csv,979000,2,2,1844,2007,2127,865040
boston_forsale_02127.csv,979000,2,2,1844,2007,2127,879232
boston_forsale_02116.csv,985000,2,2.5,1450,1920,2116,927210
boston_forsale_02108.csv,995000,1,1.5,1235,2009,2108,896769
boston_forsale_02110.csv,995000,2,2.5,1628,1972,2110,942144
boston_forsale_02110.csv,995000,2,2.5,1633,0,2110,566188
boston_forsale_02111.csv,995000,2,2.5,1402,2000,2111,947681
boston_forsale_02116.csv,995000,2,2,1310,1985,2116,0
boston_forsale_02116.csv,995000,3,3,2030,1985,2116,972633
boston_forsale_02109.csv,996000,2,2.5,2000,1890,2109,941963
boston_forsale_02111.csv,1000000,1,1,953,1900,2111,488472
boston_forsale_02111.csv,1000000,1,1,1299,1899,2111,582928
boston_forsale_02127.csv,1000000,2,2,1519,2012,2127,612182
boston_forsale_02127.csv,1000000,6,3,2592,1905,2127,606531
boston_forsale_02127.csv,1000000,7,3,3492,1900,2127,722661
boston_forsale_02127.csv,1000000,4,3,1958,1920,2127,567707
boston_forsale_02118.csv,1050000,2,2.5,1291,1870,2118,1033599
boston_forsale_02118.csv,1095000,3,2,1800,1900,2118,0
boston_forsale_02108.csv,1099000,1,1.5,1368,2009,2108,969327
boston_forsale_02110.csv,1100000,2,2,1334,2009,2110,622883
boston_forsale_02116.csv,1100000,3,2,1460,1910,2116,0
boston_forsale_02118.csv,1100000,2,3,1425,1910,2118,1084065
boston_forsale_02118.csv,1100000,2,2.5,1403,2013,2118,1079810
boston_forsale_02118.csv,1100000,2,2,1400,1859,2118,932015
boston_forsale_02127.csv,1100000,2,2,1717,1982,2127,592309
boston_forsale_02210.csv,1100000,2,2.5,2323,2004,2210,1143887
boston_forsale_02116.csv,1120000,2,1,1065,1875,2116,584787
boston_forsale_02110.csv,1125000,2,2,1250,1830,2110,0
boston_forsale_02108.csv,1149000,2,2,966,2009,2108,892088
boston_forsale_02119.csv,1149000,10,6,6200,1860,2119,886694
boston_forsale_02108.csv,1150000,2,2,1220,1880,2108,930479
boston_forsale_02115.csv,1150000,2,2,1552,1895,2115,0
boston_forsale_02118.csv,1175000,2,2.5,1501,1890,2118,0
boston_forsale_02116.csv,1190000,2,2,1324,2008,2116,1075722
boston_forsale_02115.csv,1195000,2,2,1238,1900,2115,0
boston_forsale_02210.csv,1195000,2,3,2351,2004,2210,0
boston_forsale_02113.csv,1199000,4,3,2272,1899,2113,909275
boston_forsale_02113.csv,1199000,5,3,1512,1900,2113,761224
boston_forsale_02114.csv,1199000,3,2,1468,2003,2114,966913
boston_forsale_02108.csv,1200000,2,2,1275,1860,2108,1114730
boston_forsale_02114.csv,1200000,3,2,1461,1860,2114,964889
boston_forsale_02116.csv,1200000,3,2.5,1664,1885,2116,0
boston_forsale_02121.csv,1200000,18,9,7440,1890,2121,1097135
boston_forsale_02127.csv,1200000,3,3,1938,1900,2127,430105
boston_forsale_02116.csv,1210000,2,2,1528,2004,2116,1202709
boston_forsale_02115.csv,1225000,2,2,1442,1918,2115,0
boston_forsale_02110.csv,1229000,2,2,1312,1832,2110,1079345
boston_forsale_02118.csv,1249000,3,3,1870,2002,2118,1218926
boston_forsale_02114.csv,1250000,3,2,1603,0,2114,780074
boston_forsale_02115.csv,1250000,3,2.5,1856,1910,2115,0
boston_forsale_02116.csv,1250000,2,2.5,1427,1890,2116,893204
boston_forsale_02118.csv,1269000,3,2.5,2078,1860,2118,1362960
boston_forsale_02116.csv,1270000,3,2,1578,2008,2116,0
boston_forsale_02108.csv,1275000,2,2.5,1559,2009,2108,1229300
boston_forsale_02115.csv,1275000,2,2.5,1540,1900,2115,1221920
boston_forsale_02115.csv,1295000,3,2.5,1403,1860,2115,1130315
boston_forsale_02108.csv,1299000,2,2,1405,2009,2108,1133291
boston_forsale_02110.csv,1299000,3,2.5,1910,2006,2110,1301506
boston_forsale_02114.csv,1299000,3,2,1470,1905,2114,1248920
boston_forsale_02116.csv,1299000,3,2,1675,1873,2116,0
boston_forsale_02116.csv,1299000,2,2.5,1510,1985,2116,0
boston_forsale_02111.csv,1300000,1,1.5,2150,1880,2111,705955
boston_forsale_02115.csv,1300000,2,2,1550,1882,2115,1002529
boston_forsale_02118.csv,1300000,3,2,2086,1999,2118,1001179
boston_forsale_02114.csv,1324000,2,2,1488,1902,2114,1027618
boston_forsale_02108.csv,1325000,2,2,1318,2009,2108,1098782
boston_forsale_02108.csv,1325000,2,2,1117,2009,2108,1132055
boston_forsale_02118.csv,1345000,2,2.5,1958,1900,2118,0
boston_forsale_02115.csv,1350000,2,2,1419,1880,2115,938973
boston_forsale_02116.csv,1350000,2,1.5,1292,1890,2116,924325
boston_forsale_02118.csv,1375000,3,2.5,2000,1910,2118,0
boston_forsale_02114.csv,1395000,3,2.5,2048,1820,2114,1265232
boston_forsale_02114.csv,1395000,3,3,2048,1820,2114,1305907
boston_forsale_02118.csv,1395000,3,2.5,1680,1910,2118,1094848
boston_forsale_02118.csv,1395000,2,2.5,1742,1886,2118,1210245
boston_forsale_02108.csv,1399000,2,2,1291,2009,2108,1119282
boston_forsale_02110.csv,1399000,3,2,1533,1968,2110,1101471
boston_forsale_02110.csv,1425000,2,2.5,1977,1970,2110,0
boston_forsale_02116.csv,1440000,2,2,1571,2004,2116,1381026
boston_forsale_02110.csv,1450000,2,2,1235,1832,2110,1192981
boston_forsale_02115.csv,1450000,3,2.5,1680,1890,2115,1332982
boston_forsale_02116.csv,1465000,4,2.5,2022,1910,2116,0
boston_forsale_02116.csv,1475000,2,2.5,1715,2004,2116,1405733
boston_forsale_02115.csv,1485000,2,1.5,1147,1890,2115,964986
boston_forsale_02115.csv,1485000,2,1.5,1147,1900,2115,1262250
boston_forsale_02116.csv,1495000,4,4,2023,1899,2116,1492144
boston_forsale_02110.csv,1499000,3,3,1977,1970,2110,1372583
boston_forsale_02110.csv,1499000,3,2,1658,1868,2110,1326038
boston_forsale_02111.csv,1499000,2,2.5,1504,2000,2111,1372567
boston_forsale_02109.csv,1500000,4,0,3544,2003,2109,0
boston_forsale_02113.csv,1500000,2,2,1182,1986,2113,945768
boston_forsale_02116.csv,1500000,4,2,2160,1860,2116,1182096
boston_forsale_02111.csv,1550000,2,2,2823,1899,2111,849856
boston_forsale_02116.csv,1550000,3,3,1699,2004,2116,1703758
boston_forsale_02108.csv,1575000,2,2,1318,2009,2108,1230586
boston_forsale_02118.csv,1585000,3,2.5,1745,1875,2118,0
boston_forsale_02110.csv,1590000,2,2,1500,1987,2110,1310714
boston_forsale_02116.csv,1595000,3,2.5,2534,1890,2116,0
boston_forsale_02116.csv,1595000,1,2,1393,2009,2116,1281731
boston_forsale_02118.csv,1595000,3,2.5,1931,1899,2118,1421808
boston_forsale_02116.csv,1598000,2,2.5,1496,2004,2116,1385984
boston_forsale_02115.csv,1599000,2,2,1626,1920,2115,1369236
boston_forsale_02116.csv,1599000,2,2,1354,1960,2116,1356747
boston_forsale_02116.csv,1599000,2,2,1354,1960,2116,1400832
boston_forsale_02111.csv,1600000,2,2,2585,1899,2111,1335422
boston_forsale_02116.csv,1600000,2,2,1618,1880,2116,774953
boston_forsale_02111.csv,1625000,3,2.5,2043,2003,2111,1561190
boston_forsale_02118.csv,1675000,3,2.5,1975,1890,2118,0
boston_forsale_02210.csv,1679000,2,2.5,1840,2006,2210,0
boston_forsale_02115.csv,1685000,2,2.5,1732,1920,2115,1240181
boston_forsale_02108.csv,1695000,2,2,1805,1850,2108,0
boston_forsale_02116.csv,1695000,2,2,1286,2010,2116,1177221
boston_forsale_02116.csv,1695000,3,3,1699,2004,2116,1810550
boston_forsale_02116.csv,1700000,2,1.5,1460,1899,2116,1084916
boston_forsale_02116.csv,1750000,2,2.5,1872,2009,2116,1530327
boston_forsale_02210.csv,1779000,2,2.5,1868,2006,2210,1530406
boston_forsale_02110.csv,1790000,2,2,1652,1832,2110,1603879
boston_forsale_02110.csv,1790000,2,2,1836,1820,2110,1521499
boston_forsale_02110.csv,1799000,2,3,2397,0,2110,0
boston_forsale_02127.csv,1800000,7,3.5,3928,1890,2127,890503
boston_forsale_02108.csv,1850000,2,2.5,2040,1900,2108,0
boston_forsale_02115.csv,1850000,2,2.5,1665,1880,2115,1200216
boston_forsale_02116.csv,1899000,3,2.5,2435,1880,2116,1749780
boston_forsale_02116.csv,1899000,2,2,1315,1910,2116,1249751
boston_forsale_02127.csv,1899000,4,4,2700,1906,2127,1588870
boston_forsale_02118.csv,1900000,11,4,5768,1890,2118,0
boston_forsale_02116.csv,1950000,3,3,1874,2004,2116,0
boston_forsale_02118.csv,1950000,3,3.5,2167,1890,2118,0
boston_forsale_02116.csv,1960000,2,2.5,1794,2009,2116,1475574
boston_forsale_02116.csv,1995000,4,3,3127,1890,2116,0
boston_forsale_02118.csv,2000000,4,4,3800,1875,2118,1916388
boston_forsale_02116.csv,2025000,2,2.5,1768,1871,2116,0
boston_forsale_02116.csv,2045000,2,2.5,1715,2009,2116,1777269
boston_forsale_02109.csv,2050000,2,2,1530,1911,2109,1225473
boston_forsale_02110.csv,2150000,4,3,2388,1972,2110,1293235
boston_forsale_02116.csv,2150000,3,3,2075,1930,2116,1832179
boston_forsale_02108.csv,2199000,2,2,1636,2009,2108,1858546
boston_forsale_02110.csv,2200000,3,3,2400,1970,2110,1869999
boston_forsale_02116.csv,2200000,2,2.5,2153,1860,2116,1879002
boston_forsale_02127.csv,2200000,2,3,2207,2007,2127,0
boston_forsale_02127.csv,2250000,4,4,4236,1900,2127,1732245
boston_forsale_02111.csv,2320000,2,2.5,2036,2000,2111,2254299
boston_forsale_02116.csv,2350000,3,2.5,2466,1899,2116,2350087
boston_forsale_02118.csv,2390000,3,1.5,2612,2013,2118,2036208
boston_forsale_02118.csv,2390000,3,3.5,2612,2013,2118,2168772
boston_forsale_02118.csv,2390000,3,2,2612,2013,2118,1131949
boston_forsale_02110.csv,2395000,3,3,2125,0,2110,0
boston_forsale_02110.csv,2395000,3,2.5,2125,2012,2110,2035749
boston_forsale_02210.csv,2400000,2,2.5,1751,2008,2210,1270227
boston_forsale_02111.csv,2449000,4,4,4189,2004,2111,1696158
boston_forsale_02116.csv,2450000,2,2.5,1514,2009,2116,1945743
boston_forsale_02118.csv,2450000,4,2.5,3370,1867,2118,2246134
boston_forsale_02111.csv,2495000,3,4,2707,2000,2111,0
boston_forsale_02116.csv,2500000,4,4.5,3531,1867,2116,0
boston_forsale_02116.csv,2500000,7,4,3170,1900,2116,2050986
boston_forsale_02116.csv,2550000,3,3,2375,1900,2116,0
boston_forsale_02116.csv,2550000,4,4.5,3025,1900,2116,2360644
boston_forsale_02110.csv,2599000,3,4,2511,1970,2110,1200328
boston_forsale_02110.csv,2700000,2,2.5,1895,1987,2110,2268516
boston_forsale_02210.csv,2749000,3,3.5,2727,2006,2210,0
boston_forsale_02114.csv,2799000,5,5,3867,1900,2114,2387012
boston_forsale_02109.csv,2800000,3,2.5,2304,1978,2109,2379999
boston_forsale_02210.csv,2825000,3,4.5,2736,2006,2210,0
boston_forsale_02116.csv,2850000,4,3.5,3800,1890,2116,0
boston_forsale_02108.csv,2883063,3,3.5,3186,1899,2108,2883063
boston_forsale_02118.csv,2900000,3,3.5,3476,1880,2118,0
boston_forsale_02127.csv,2900000,12,9,5000,1981,2127,2464999
boston_forsale_02127.csv,2900000,3,3,3223,0,2127,0
boston_forsale_02127.csv,2900000,3,3,3223,2007,2127,2464999
boston_forsale_02116.csv,2950000,2,2,1932,1988,2116,3035299
boston_forsale_02118.csv,2995000,3,3,3443,0,2118,0
boston_forsale_02118.csv,2995000,3,3,3443,2010,2118,2545750
boston_forsale_02116.csv,3125000,3,2.5,2500,2013,2116,2656249
boston_forsale_02110.csv,3200000,2,2.5,2349,1987,2110,2881987
boston_forsale_02111.csv,3250000,3,4.5,2667,2000,2111,2771440
boston_forsale_02116.csv,3295000,3,4,3376,1873,2116,2815128
boston_forsale_02108.csv,3300000,6,4,4010,1829,2108,2763769
boston_forsale_02108.csv,3399000,2,2.5,2484,2009,2108,2842168
boston_forsale_02111.csv,3400000,3,3.5,2707,1999,2111,2826099
boston_forsale_02108.csv,3450000,4,3.5,3000,1938,2108,2932499
boston_forsale_02116.csv,3450000,4,2.5,3240,1927,2116,2989765
boston_forsale_02116.csv,3495000,5,3.5,3500,1890,2116,0
boston_forsale_02118.csv,3500000,4,5,3771,1860,2118,0
boston_forsale_02111.csv,3575000,3,4.5,2667,2000,2111,2998913
boston_forsale_02116.csv,3595000,3,3,2761,1910,2116,0
boston_forsale_02116.csv,3595000,3,3,2227,1884,2116,0
boston_forsale_02116.csv,3595000,3,2.5,2227,1884,2116,2386226
boston_forsale_02116.csv,3875000,3,0,3100,2012,2116,2947429
boston_forsale_02108.csv,3900000,3,3,2943,1910,2108,3436777
boston_forsale_02108.csv,3950000,5,4.5,4515,1890,2108,3687444
boston_forsale_02116.csv,3950000,3,2.5,3656,1899,2116,3742420
boston_forsale_02108.csv,3954001,4,1,4533,1899,2108,3954001
boston_forsale_02108.csv,3964000,3,3.5,2872,2009,2108,3317041
boston_forsale_02108.csv,3995000,3,4,3230,1800,2108,0
boston_forsale_02116.csv,3995000,4,4.5,4778,1899,2116,0
boston_forsale_02108.csv,3999000,3,3.5,3246,1935,2108,3502687
boston_forsale_02115.csv,4000000,7,3.5,4440,1890,2115,2704388
boston_forsale_02116.csv,4057687,3,4,6032,1890,2116,4057687
boston_forsale_02215.csv,4200000,3,3,2189,1899,2215,2474522
boston_forsale_02215.csv,4200000,3,3.5,3012,1890,2215,2648414
boston_forsale_02111.csv,4250000,3,4.5,2971,2000,2111,3558267
boston_forsale_02108.csv,4330810,4,3.5,5000,1818,2108,4330810
boston_forsale_02108.csv,4390000,3,3.5,3319,2009,2108,3643974
boston_forsale_02108.csv,4700000,5,5,5115,1850,2108,5147506
boston_forsale_02108.csv,4750000,5,4.5,5023,1850,2108,4344160
boston_forsale_02111.csv,4950000,4,4,3246,2000,2111,4208158
boston_forsale_02118.csv,4950000,5,4.5,5800,1856,2118,4104650
boston_forsale_02111.csv,4975000,2,4,3246,2000,2111,4230929
boston_forsale_02108.csv,4995000,6,5,5342,1900,2108,0
boston_forsale_02116.csv,5025000,3,0,4020,2012,2116,3753237
boston_forsale_02116.csv,5125000,3,0,4100,2012,2116,3824598
boston_forsale_02116.csv,5125000,3,0,4100,2012,2116,3824598
boston_forsale_02111.csv,5300000,3,3,2707,1999,2111,3578095
boston_forsale_02111.csv,5495000,3,4.5,4200,1999,2111,4876939
boston_forsale_02116.csv,5499000,4,4,4760,1899,2116,4866718
boston_forsale_02108.csv,5500000,5,3.5,5081,1827,2108,4674999
boston_forsale_02116.csv,5500000,5,3.5,3737,1962,2116,4674999
boston_forsale_02108.csv,5650000,9,8.5,6500,1830,2108,4807174
boston_forsale_02116.csv,5750000,4,5,5000,1870,2116,4887499
boston_forsale_02108.csv,5875000,6,5,4774,1830,2108,4886882
boston_forsale_02111.csv,5999000,44,22,16320,1910,2111,5099068
boston_forsale_02116.csv,6250000,3,4,3319,0,2116,0
boston_forsale_02116.csv,6250000,3,3.5,3319,1910,2116,5376864
boston_forsale_02108.csv,6700000,4,5,3905,1875,2108,0
boston_forsale_02116.csv,7200000,4,4.5,4856,1860,2116,4533607
boston_forsale_02116.csv,7900000,6,4.5,5586,1865,2116,4279724
boston_forsale_02116.csv,7995000,3,4.5,3950,1899,2116,0
boston_forsale_02116.csv,8500000,8,9,10500,1881,2116,0
boston_forsale_02116.csv,8500000,7,6.5,8088,0,2116,1633202
boston_forsale_02116.csv,8900000,6,6.5,7599,1899,2116,6035135
boston_forsale_02115.csv,10000000,3,2.5,2486,1880,2115,1916510
boston_forsale_02108.csv,10500000,7,5.5,8239,1823,2108,8924999
boston_forsale_02108.csv,10750000,6,8,7878,1846,2108,0
boston_forsale_02116.csv,11750000,10,7.5,11118,1905,2116,10002309
boston_forsale_02108.csv,12500000,5,7,8682,1819,2108,10624975
boston_forsale_02116.csv,15500000,11,14,15000,1883,2116,0
